,words,count
0,the,362849
1,to,101944
2,turn,75481
3,and,69127
4,on,58050
5,of,57935
6,in,39335
7,right,36604
8,left,36272
9,a,35342
10,up,32340
11,walk,31985
12,put,30010
13,pick,29138
14,place,21053
15,then,20517
16,go,20455
17,around,18189
18,face,16820
19,from,16399
20,table,15151
21,counter,14928
22,move,12647
23,table.,12561
24,sink,11923
25,take,11829
26,sink.,11710
27,knife,11520
28,slice,10696
29,with,10404
30,it,10108
31,back,8871
32,front,8786
33,counter.,8450
34,open,8095
35,microwave,7631
36,fridge,7578
37,coffee,7245
38,side,7160
39,towards,6850
40,your,6758
41,tomato,6706
42,apple,6680
43,close,6532
44,potato,6369
45,top,5949
46,"right,",5943
47,white,5548
48,"left,",5510
49,forward,5487
50,fridge.,5350
51,that,5140
52,microwave.,5047
53,is,5044
54,cabinet,5035
55,toilet,5024
56,at,4892
57,inside,4865
58,over,4803
59,black,4644
60,head,4616
61,pan,4579
62,lamp,4572
63,bread,4527
64,"around,",4477
65,lettuce,4402
66,kitchen,4279
67,mug,4236
68,out,4219
69,plate,4218
70,room,4202
71,two,4192
72,cup,4158
73,desk,4001
74,bowl,3975
75,off,3970
76,shelf,3933
77,soap,3878
78,across,3856
79,end,3734
80,right.,3628
81,stove.,3620
82,box,3490
83,you,3426
84,step,3335
85,trash,3305
86,left.,3302
87,next,3263
88,stove,3261
89,it.,3258
90,desk.,3237
91,bottle,3199
92,into,3197
93,"forward,",3155
94,door,3128
95,down,3061
96,grab,2937
97,door.,2906
98,stand,2874
99,egg,2758
100,spoon,2710
101,credit,2554
102,card,2543
103,keys,2515
104,pot,2472
105,drawer,2465
106,green,2459
107,you.,2431
108,look,2386
109,remove,2302
110,glass,2297
111,other,2253
112,toilet.,2247
113,chair,2213
114,small,2197
115,corner,2167
116,under,2163
117,paper,2102
118,behind,2099
119,straight,2076
120,remote,2062
121,between,2058
122,lamp.,2056
123,"microwave,",2048
124,bed,2043
125,by,2040
126,phone,2025
127,"door,",2024
128,sponge,2008
129,refrigerator,1999
130,again,1953
131,hang,1926
132,"sink,",1923
133,cut,1905
134,couch,1867
135,pencil,1851
136,heat,1828
137,above,1816
138,clean,1745
139,fork,1737
140,bed.,1733
141,wash,1731
142,dresser,1725
143,chilled,1720
144,"fridge,",1719
145,chair.,1706
146,bin,1688
147,refrigerator.,1658
148,dresser.,1645
149,bar,1644
150,couch.,1615
151,blue,1612
152,towel,1608
153,spray,1597
154,carry,1578
155,wall,1574
156,pen,1574
157,shelf.,1571
158,bottom,1563
159,book,1558
160,"wall,",1545
161,cabinet.,1509
162,"room,",1485
163,bring,1476
164,can,1474
165,can.,1459
166,wooden,1446
167,"table,",1437
168,tub.,1422
169,"counter,",1414
170,candle,1411
171,middle,1401
172,water,1391
173,for,1380
174,brown,1377
175,few,1369
176,near,1344
177,piece,1339
178,tv,1331
179,roll,1312
180,chill,1294
181,set,1272
182,shut,1243
183,salt,1242
184,floor,1233
185,edge,1229
186,that's,1223
187,spatula,1222
188,rag,1205
189,red,1204
190,past,1200
191,tub,1184
192,heated,1180
193,island,1179
194,facing,1170
195,round,1165
196,where,1160
197,light,1156
198,yellow,1145
199,bin.,1135
200,cross,1134
201,maker.,1099
202,toward,1084
203,an,1066
204,watch,1060
205,closest,1050
206,cd,1041
207,loaf,1023
208,drawer.,1012
209,"refrigerator,",1012
210,maker,1011
211,stand.,1007
212,room.,1004
213,newspaper,994
214,one,988
215,sofa,979
216,second,966
217,cloth,955
218,below,945
219,cell,944
220,night,940
221,steps,932
222,center,932
223,clock,928
224,get,928
225,butter,927
226,bath,908
227,rinse,904
228,are,891
229,examine,856
230,metal,838
231,cook,834
232,out.,826
233,garbage,793
234,laptop,792
235,wall.,791
236,kettle,769
237,"it,",768
238,so,763
239,pillow,756
240,shaker,755
241,again.,739
242,up.,732
243,until,732
244,dining,730
245,cooked,726
246,first,723
247,corner.,717
248,island.,696
249,far,694
250,top.,693
251,large,689
252,knife.,687
253,wine,685
254,cool,681
255,cold,677
256,ahead,676
257,sitting,673
258,bread.,673
259,statue,670
260,toaster.,665
261,cupboard,661
262,toaster,658
263,empty,657
264,"inside,",656
265,vase,650
266,slightly,643
267,tissue,638
268,make,633
269,gray,632
270,reach,630
271,hand,629
272,sliced,624
273,"steps,",614
274,beside,614
275,after,610
276,"straight,",587
277,on.,574
278,tomato.,571
279,warm,570
280,tall,569
281,bathroom,568
282,oven,551
283,there,550
284,floor.,549
285,slices.,543
286,cardboard,534
287,away,530
288,while,528
289,before,528
290,"stove,",526
291,seconds,514
292,machine.,512
293,"bed,",505
294,shelves,505
295,side.,497
296,"step,",494
297,inside.,493
298,"shelf,",491
299,lettuce.,491
300,"water,",487
301,dirty,485
302,wait,484
303,alarm,483
304,silver,473
305,ladle,470
306,apple.,468
307,just,466
308,lower,466
309,when,457
310,potato.,456
311,tank.,452
312,"cabinet,",447
313,opposite,445
314,tea,445
315,onto,444
316,pink,442
317,find,441
318,walking,438
319,"seconds,",438
320,bit,437
321,tank,436
322,sofa.,434
323,purple,434
324,drop,434
325,grey,431
326,computer,429
327,couple,425
328,stop,422
329,oven.,417
330,rack,415
331,burner,410
332,washed,402
333,nightstand.,399
334,nightstand,399
335,holder,392
336,foot,391
337,proceed,390
338,begin,387
339,bottles,386
340,sinks.,381
341,plate.,379
342,return,377
343,cabbage,377
344,holding,375
345,turning,372
346,three,369
347,"desk,",367
348,throw,367
349,cleaned,365
350,box.,362
351,way,362
352,hold,361
353,cabinets,361
354,television,360
355,"couch,",356
356,tissues,355
357,as,353
358,handle,353
359,control,353
360,is.,348
361,window,346
362,directly,346
363,machine,338
364,container,337
365,cushion,337
366,water.,337
367,seat,336
368,gold,335
369,lotion,333
370,rack.,332
371,safe,329
372,putting,325
373,approach,320
374,slices,320
375,bottle.,320
376,dishwasher.,318
377,fill,316
378,use,305
379,"bit,",304
380,shelving,304
381,another,302
382,basin.,302
383,wet,302
384,"off,",301
385,forwards,295
386,bathtub.,294
387,bowl.,293
388,arm,292
389,against,291
390,racket,291
391,dispenser,288
392,"chair,",284
393,all,281
394,rightmost,279
395,them,279
396,underneath,278
397,"drawer,",278
398,burner.,277
399,frying,276
400,square,275
401,veer,274
402,leftmost,274
403,living,274
404,cup.,272
405,containing,271
406,shelves.,270
407,upper,268
408,sinks,266
409,light.,265
410,bat,263
411,rinsed,263
412,pepper,261
413,tv.,260
414,tennis,260
415,holder.,260
416,microwaved,260
417,plunger,257
418,drawers,252
419,mug.,252
420,standing,251
421,basketball,251
422,cooled,251
423,window.,250
424,"island,",247
425,soap.,244
426,ottoman,241
427,ottoman.,241
428,"toilet,",241
429,"on,",236
430,there.,233
431,clear,232
432,once,231
433,laptop.,230
434,dishwasher,228
435,"up,",227
436,you're,226
437,bathtub,223
438,ahead.,221
439,let,218
440,"apple,",214
441,disc,210
442,now,210
443,"knife,",210
444,waste,209
445,tray,208
446,recycling,208
447,sponge.,208
448,pan.,204
449,dish,202
450,basin,202
451,tube,201
452,closer,200
453,cards,200
454,pot.,198
455,"window,",197
456,"tomato,",197
457,both,192
458,twice,189
459,locate,187
460,nearest,187
461,golden,187
462,space,184
463,which,183
464,safe.,182
465,"potato,",181
466,television.,180
467,completely,178
468,"tub,",178
469,hot,178
470,plant,177
471,orange,177
472,spoon.,177
473,lap,176
474,same,174
475,books,174
476,shaker.,174
477,cupboard.,172
478,little,171
479,half,171
480,"dresser,",166
481,already,165
482,clock.,164
483,phones,164
484,card.,164
485,keys.,163
486,bedside,162
487,around.,162
488,long,161
489,faucet,161
490,unit.,160
491,be,159
492,"in,",158
493,basket,156
494,vanity,156
495,garbage.,155
496,bars,155
497,"bread,",154
498,egg.,154
499,hanging,153
500,cushion.,152
501,"you,",150
502,beneath,149
503,phone.,147
504,has,145
505,mirror.,145
506,unit,145
507,"plate,",145
508,"lettuce,",145
509,"again,",143
510,remote.,143
511,"oven,",143
512,closing,142
513,"slice,",141
514,see,139
515,fruit,139
516,"out,",139
517,full,138
518,through,137
519,inspect,136
520,spatula.,136
521,"wait,",136
522,object,135
523,pieces.,135
524,"top,",134
525,shakers,134
526,most,133
527,key,133
528,boxes,133
529,along,132
530,section,132
531,fork.,131
532,trash.,131
533,armchair.,130
534,"kitchen,",130
535,short,129
536,drawers.,127
537,sets,127
538,"ahead,",127
539,part,125
540,vanity.,125
541,glass.,125
542,degrees,124
543,warmed,124
544,pull,123
545,remotes,123
546,candles,123
547,moment,123
548,forward.,122
549,using,121
550,book.,121
551,pillow.,121
552,"mug,",121
553,hand.,120
554,towels,120
555,cabinets.,119
556,continue,117
557,located,117
558,pump,116
559,mirror,115
560,lid,115
561,dark,114
562,"moment,",114
563,baseball,112
564,its,112
565,start,112
566,skillet,112
567,watering,111
568,"cool,",111
569,"egg,",110
570,well,110
571,slice.,110
572,this,110
573,down.,109
574,statue.,108
575,handled,108
576,ring,108
577,area,108
578,"faucet,",108
579,edge.,107
580,it's,107
581,gas,107
582,"cup,",107
583,seat.,106
584,kitchen.,106
585,computer.,105
586,"floor,",105
587,drain,105
588,removing,104
589,"can,",103
590,but,103
591,cd.,103
592,stool,103
593,sharp,103
594,chairs,102
595,newspapers,102
596,wood,101
597,third,101
598,ground,100
599,"sofa,",100
600,chest,98
601,stick,98
602,pencils,98
603,plus,98
604,circle,97
605,scoop,97
606,newspaper.,96
607,shower,96
608,disk,94
609,taking,94
610,carrying,93
611,got,93
612,plant.,92
613,vegetable,92
614,freezer,92
615,seconds.,92
616,furthest,91
617,"bowl,",91
618,clocks,90
619,"side,",90
620,cellphone,89
621,some,89
622,"down,",88
623,moving,88
624,entertainment,88
625,3,88
626,smartphone,88
627,was,88
628,"pan,",88
629,pencil.,87
630,pens,87
631,off.,86
632,lid.,86
633,rags,86
634,candle.,85
635,halfway,85
636,"stand,",84
637,rolls,84
638,backwards,83
639,dog,83
640,freezer.,83
641,2,82
642,retrieve,82
643,stay,82
644,handle.,82
645,even,81
646,countertop,81
647,doors.,81
648,"back,",80
649,direction,80
650,big,80
651,rag.,80
652,wrist,80
653,one.,80
654,bureau,78
655,rear,78
656,"front,",78
657,fireplace,78
658,heads,78
659,salt.,78
660,chain,77
661,feet,77
662,vase.,77
663,"shower,",77
664,fry,77
665,farthest,76
666,back.,76
667,paper.,76
668,"lamp,",75
669,bench.,75
670,four,74
671,away.,74
672,"fireplace,",73
673,"maker,",73
674,martini,73
675,sauce,73
676,filled,73
677,pen.,72
678,",",72
679,stool.,72
680,goblet,72
681,"dishwasher,",72
682,run,72
683,sponges,72
684,still,71
685,ground.,71
686,"bin,",71
687,90,71
688,passing,70
689,tan,70
690,container.,70
691,cleaner,70
692,looking,69
693,"box,",69
694,recycle,69
695,"corner,",68
696,dispenser.,68
697,"chill,",68
698,turns,67
699,chairs.,67
700,basket.,67
701,bag,66
702,center.,66
703,several,66
704,doors,66
705,cds,65
706,cloth.,65
707,position,64
708,placed,64
709,done,64
710,afterwards.,63
711,armchair,62
712,towel.,62
713,"glass,",62
714,cart.,61
715,drying,61
716,"while,",61
717,will,60
718,seven,60
719,remaining,60
720,lit,59
721,raise,59
722,going,59
723,controller,59
724,roll.,59
725,cream,59
726,laying,58
727,beds,58
728,pass,58
729,"doors,",58
730,last,58
731,grinder,58
732,butterknife,58
733,front.,57
734,trophy,57
735,countertop.,57
736,fireplace.,56
737,teapot,56
738,"toaster,",56
739,"cupboard,",56
740,"bottle,",56
741,placing,56
742,spoons,56
743,"ottoman,",55
744,ice,55
745,"safe,",54
746,five,54
747,cooking,54
748,180,53
749,beds.,53
750,rest,53
751,tissues.,53
752,"soap,",53
753,store,53
754,watches,53
755,low,52
756,faucet.,52
757,pieces,52
758,previously,52
759,"cook,",52
760,hit,51
761,jar,51
762,sweet,51
763,smaller,50
764,spout,50
765,view,49
766,"small,",49
767,striped,49
768,almost,49
769,larger,49
770,quick,48
771,leave,48
772,stop.,48
773,kettle.,48
774,hanger,48
775,spot,48
776,knives,48
777,item,47
778,.,47
779,"pot,",47
780,laptops,47
781,apples,47
782,refrigerate,47
783,tiny,46
784,nail,46
785,ledge,46
786,watch.,46
787,figurine,46
788,magazine,46
789,rectangular,46
790,candlestick,46
791,controls,46
792,stopping,45
793,"spoon,",45
794,statues,44
795,vases,44
796,rubbish,44
797,bookshelf.,44
798,yourself,43
799,fire,43
800,range.,43
801,tomatoes,43
802,picking,42
803,trashcan,42
804,adjacent,42
805,turner,42
806,passed,41
807,ball,41
808,step.,41
809,bench,41
810,were,41
811,sculpture,41
812,come,41
813,different,41
814,gather,41
815,washcloth,41
816,chef's,41
817,5,41
818,potatoes,41
819,"chairs,",40
820,bowls,40
821,rug,40
822,melon,40
823,news,39
824,media,39
825,ring.,39
826,range,39
827,loaves,39
828,glasses,39
829,"basin,",39
830,"completely,",38
831,are.,38
832,"slightly,",38
833,polish,38
834,wire,38
835,cart,38
836,lotion.,38
837,bottom.,38
838,food,38
839,trashcan.,38
840,from.,38
841,pear,38
842,potted,37
843,about,37
844,he,37
845,items,37
846,pillows,37
847,wastebasket.,37
848,plaid,37
849,"bottom,",37
850,lowest,37
851,loaf.,37
852,please.,36
853,carton,36
854,compact,36
855,making,36
856,veering,36
857,perfume,36
858,cloths,36
859,"shelves,",35
860,circular,35
861,keep,35
862,middle.,35
863,have,35
864,heated.,35
865,base,34
866,heating,34
867,control.,34
868,very,34
869,cd's,34
870,right-hand,34
871,pumper,34
872,bedroom,33
873,till,33
874,immediately,33
875,towels.,33
876,"fork,",33
877,counters,33
878,"there,",33
879,reaching,32
880,bag.,32
881,six,32
882,"tv,",32
883,portion,32
884,drain.,32
885,cooker,32
886,time,32
887,in.,32
888,blade,32
889,cleaning,32
890,sits,31
891,bear,31
892,opening,31
893,copper,31
894,cover,31
895,original,31
896,"sponge,",31
897,ladle.,31
898,leaning,30
899,lift,30
900,monitor,30
901,"sinks,",30
902,vertically,30
903,yellow-handled,30
904,cups,30
905,dispensers,30
906,disc.,29
907,closet,29
908,further,29
909,mill,29
910,chunk,29
911,pointing,29
912,pullout,29
913,behind.,28
914,plastic,28
915,console,28
916,upright,28
917,"nightstand,",28
918,cupboards,28
919,"cold,",28
920,notebook,27
921,board,27
922,case,27
923,"television,",27
924,bookshelf,27
925,device,27
926,together,27
927,"freezer,",27
928,"spatula,",27
929,cooking.,27
930,cold.,27
931,resting,26
932,papers,26
933,more,26
934,discs,26
935,"holder,",26
936,they,26
937,coffeemaker,26
938,cut.,26
939,"end,",25
940,lay,25
941,at.,25
942,compartment,25
943,stools,25
944,dinner,25
945,forks,25
946,cutting,25
947,read,24
948,"degrees,",24
949,lounge,24
950,single,24
951,car,24
952,objects,24
953,end.,24
954,storage,24
955,bar.,24
956,eggs,24
957,"slices,",24
958,spatulas,24
959,tray.,23
960,"keys,",23
961,do,23
962,backwards.,23
963,closed,23
964,computers,23
965,"vase,",23
966,"round,",23
967,"stool,",23
968,transfer,23
969,running,23
970,steel,23
971,"shaker,",23
972,prepare,23
973,platform,23
974,coffee.,23
975,plum,23
976,retrieving,23
977,adjust,22
978,lying,22
979,picked,22
980,leather,22
981,floral,22
982,point,22
983,windows,22
984,contains,22
985,followed,22
986,came,22
987,or,22
988,"bathtub,",22
989,alongside,22
990,cabbage.,22
991,dishes,22
992,"range,",22
993,plates,22
994,work,22
995,"second,",22
996,allow,22
997,walks,21
998,not,21
999,tops,21
1000,love,21
1001,straight.,21
1002,object.,21
1003,self,21
1004,steps.,21
1005,bottles.,21
1006,avocado,21
1007,farther,21
1008,pots,21
1009,cooling,21
1010,level,20
1011,mat,20
1012,colored,20
1013,textbook,20
1014,"phone,",20
1015,racquet,20
1016,deep,20
1017,surface,20
1018,double,20
1019,bookcase.,20
1020,"rag,",20
1021,plush,20
1022,washer.,20
1023,half.,20
1024,bucket,20
1025,parts.,20
1026,7,20
1027,soaps,20
1028,them.,19
1029,mugs,19
1030,"doorway,",19
1031,should,19
1032,"walk,",19
1033,cubby,19
1034,bend,19
1035,"forwards,",19
1036,follow,19
1037,pitcher,19
1038,"tank,",19
1039,"rack,",19
1040,rest.,19
1041,"is,",19
1042,door;,19
1043,preparing,19
1044,chalice,19
1045,paring,19
1046,replace,19
1047,"machine,",19
1048,"rug,",18
1049,form,18
1050,containers,18
1051,originally,18
1052,slightly.,18
1053,left-hand,18
1054,immediate,18
1055,"middle,",18
1056,place.,18
1057,cushions,18
1058,"paper,",18
1059,radiator,18
1060,above.,18
1061,ad,18
1062,onion,18
1063,maneuver,18
1064,sections.,18
1065,tip,18
1066,pickup,18
1067,wine.,18
1068,pavement,18
1069,measuring,18
1070,"tray,",18
1071,spout.,18
1072,length,17
1073,moves,17
1074,"windows,",17
1075,"cd,",17
1076,entry,17
1077,"card,",17
1078,set.,17
1079,"way,",17
1080,"black,",17
1081,sit,17
1082,trophy.,17
1083,racket.,17
1084,monitor.,17
1085,parallel,17
1086,flush,17
1087,bathroom.,17
1088,mike.,17
1089,thirds.,17
1090,wedge,17
1091,centered,17
1092,perpendicular,17
1093,bowel,17
1094,toilet's,17
1095,done.,17
1096,getting,16
1097,tables.,16
1098,loveseat.,16
1099,smart,16
1100,furniture,16
1101,"laptop,",16
1102,if,16
1103,mantle,16
1104,beyond,16
1105,gaze,16
1106,"edge,",16
1107,"drawers,",16
1108,below.,16
1109,cistern.,16
1110,bookcase,16
1111,horizontally,16
1112,"kettle,",16
1113,marble,16
1114,figure,16
1115,case.,16
1116,"vanity,",16
1117,shakers.,16
1118,cocktail,16
1119,stools.,16
1120,washed.,16
1121,washing,16
1122,laddle,16
1123,"cabbage,",16
1124,pepper.,16
1125,cool.,16
1126,"minute,",16
1127,keeping,15
1128,"mirror,",15
1129,"center,",15
1130,stack,15
1131,doorway,15
1132,sculpture.,15
1133,"pillow,",15
1134,"remote,",15
1135,"beds,",15
1136,row,15
1137,shower.,15
1138,books.,15
1139,"towel,",15
1140,liquid,15
1141,brass,15
1142,central,15
1143,lined,15
1144,sliced.,15
1145,soak,15
1146,kettles,15
1147,switch,14
1148,looks,14
1149,bean,14
1150,finally,14
1151,shade.,14
1152,new,14
1153,base.,14
1154,also,14
1155,"statue,",14
1156,flower,14
1157,piano,14
1158,times,14
1159,main,14
1160,sink's,14
1161,360,14
1162,first.,14
1163,tube.,14
1164,"roll,",14
1165,tomatoes.,14
1166,grinder.,14
1167,pans,14
1168,1,14
1169,"cloth,",14
1170,been,14
1171,pulling,14
1172,flusher,14
1173,timer,14
1174,sprayer,14
1175,ledge.,13
1176,bank,13
1177,bat.,13
1178,teddy,13
1179,digital,13
1180,office,13
1181,letting,13
1182,ninety,13
1183,windows.,13
1184,"armchair,",13
1185,"newspaper,",13
1186,chest.,13
1187,enter,13
1188,human,13
1189,bronze,13
1190,enough,13
1191,other.,13
1192,sill,13
1193,dvd,13
1194,"then,",13
1195,left-most,13
1196,4,13
1197,vault,13
1198,"pencil,",13
1199,"cart,",13
1200,rags.,13
1201,touching,13
1202,wristwatch,13
1203,knives.,13
1204,moved,13
1205,skillet.,13
1206,screen.,13
1207,whole,13
1208,"chilled,",13
1209,tap.,13
1210,display,13
1211,wet.,13
1212,kleenex,13
1213,each,13
1214,refrigerated,13
1215,finished,13
1216,"one,",13
1217,"clock,",12
1218,collect,12
1219,basketball.,12
1220,picks,12
1221,eight,12
1222,board.,12
1223,shelving.,12
1224,robot,12
1225,console.,12
1226,piano.,12
1227,"basket,",12
1228,right-side,12
1229,toy,12
1230,than,12
1231,cylinder,12
1232,counterclockwise,12
1233,sure,12
1234,rug.,12
1235,upwards,12
1236,chair's,12
1237,beginning,12
1238,"feet,",12
1239,apples.,12
1240,cover.,12
1241,spot.,12
1242,o,12
1243,hanger.,12
1244,throwing,12
1245,key-chain,12
1246,bigger,12
1247,stovetop.,12
1248,diagonal,12
1249,area.,12
1250,wastebasket,12
1251,washer,12
1252,"above,",12
1253,platform.,12
1254,"white,",12
1255,"bag,",12
1256,kiwi,12
1257,existing,12
1258,padded,12
1259,wand,12
1260,mantle.,12
1261,complete,11
1262,"book,",11
1263,shade,11
1264,focus,11
1265,order,11
1266,loveseat,11
1267,"computer,",11
1268,pair,11
1269,patterned,11
1270,too,11
1271,"turn,",11
1272,"space,",11
1273,"dispenser,",11
1274,bucket.,11
1275,caldron,11
1276,starting,11
1277,ends,11
1278,line,11
1279,drinking,11
1280,well.,11
1281,platter,11
1282,advance,11
1283,teakettle,11
1284,curved,11
1285,toast,11
1286,slight,11
1287,tumbler,11
1288,"cooling,",11
1289,grinders,11
1290,previous,11
1291,illuminated,10
1292,entitled,10
1293,"hand,",10
1294,"seat,",10
1295,lamp's,10
1296,tables,10
1297,sticking,10
1298,picture,10
1299,built,10
1300,meets,10
1301,laptops.,10
1302,ink,10
1303,man,10
1304,beige,10
1305,jug,10
1306,plunger.,10
1307,vault.,10
1308,was.,10
1309,attached,10
1310,hook.,10
1311,"bar,",10
1312,thin,10
1313,mill.,10
1314,lip,10
1315,funnel,10
1316,pear.,10
1317,utensils,10
1318,coconut,10
1319,found,10
1320,clockwise,10
1321,inches,10
1322,pointed,10
1323,position.,10
1324,vegetables,10
1325,handkerchief,10
1326,barred,10
1327,8,10
1328,too.,10
1329,you've,10
1330,sticks,10
1331,fob,10
1332,sitting.,9
1333,air.,9
1334,upward,9
1335,study,9
1336,stuffed,9
1337,bear.,9
1338,lamplight.,9
1339,bit.,9
1340,smartphones,9
1341,carpet,9
1342,"far,",9
1343,"pen,",9
1344,space.,9
1345,please,9
1346,leg,9
1347,sits.,9
1348,curtain,9
1349,animal,9
1350,"area,",9
1351,blanket,9
1352,learning,9
1353,items.,9
1354,hole,9
1355,toss,9
1356,wide,9
1357,horizontal,9
1358,scrub,9
1359,jar.,9
1360,table's,9
1361,discard,9
1362,load,9
1363,before.,9
1364,"ladle,",9
1365,only,9
1366,"candle,",9
1367,"twice,",9
1368,t,9
1369,leaving,9
1370,&,9
1371,covered,9
1372,shorter,9
1373,no,9
1374,time.,9
1375,places,9
1376,"time,",9
1377,"minutes,",9
1378,minutes.,9
1379,minutes,9
1380,finish,9
1381,bats,9
1382,disks,9
1383,fabric,9
1384,backward,8
1385,clocks.,8
1386,bunk,8
1387,turnaround,8
1388,positioned,8
1389,napkin,8
1390,washcloth.,8
1391,dim,8
1392,smartphone.,8
1393,newsletter,8
1394,ready,8
1395,"hall,",8
1396,pad,8
1397,shaped,8
1398,knock,8
1399,"stairs,",8
1400,magazine.,8
1401,"place,",8
1402,teapot.,8
1403,pencils.,8
1404,talk,8
1405,nearer,8
1406,disk.,8
1407,desktop.,8
1408,located.,8
1409,"unit,",8
1410,higher,8
1411,clothes,8
1412,finished.,8
1413,circle.,8
1414,spin,8
1415,degree,8
1416,dust,8
1417,layer,8
1418,"handle,",8
1419,stem,8
1420,oval,8
1421,organize,8
1422,"long,",8
1423,path,8
1424,fruit.,8
1425,"trashcan,",8
1426,tap,8
1427,peninsula,8
1428,"wash,",8
1429,frozen,8
1430,"drain,",8
1431,"wet,",8
1432,makers,8
1433,gotten,8
1434,chilling,8
1435,jars,8
1436,squirt,8
1437,spool,8
1438,like,7
1439,hall,7
1440,"left,walk",7
1441,turned,7
1442,couches,7
1443,statues.,7
1444,had,7
1445,"plant,",7
1446,screen,7
1447,boots,7
1448,"watch,",7
1449,lean,7
1450,-,7
1451,"cabinets,",7
1452,secure,7
1453,checkered,7
1454,backward.,7
1455,horizontally.,7
1456,outside,7
1457,"cushion,",7
1458,sides,7
1459,stainless,7
1460,candles.,7
1461,slicing,7
1462,ways,7
1463,food.,7
1464,bagel,7
1465,pace,7
1466,utensils.,7
1467,scoop.,7
1468,"direction,",7
1469,cellphones,7
1470,travel,7
1471,filing,7
1472,champagne,7
1473,electric,7
1474,avocado.,7
1475,leaf,7
1476,surface.,7
1477,tile,7
1478,able,7
1479,"clean,",7
1480,rounded,7
1481,maker's,7
1482,eggs.,7
1483,soup,7
1484,dispose,7
1485,serve,7
1486,chilled.,7
1487,crisper,7
1488,re,7
1489,"remove,",7
1490,cubbard,7
1491,computers.,7
1492,candlesticks,7
1493,blu-ray,7
1494,phone's,7
1495,devices,7
1496,file,7
1497,salts,7
1498,sideboard,7
1499,shift,6
1500,reading,6
1501,bedroom.,6
1502,goes,6
1503,chess,6
1504,opened,6
1505,better,6
1506,photo,6
1507,recliner,6
1508,windowsill.,6
1509,that;s,6
1510,attention,6
1511,nine,6
1512,u,6
1513,natural,6
1514,lime,6
1515,blanket.,6
1516,"little,",6
1517,meet.,6
1518,boots.,6
1519,head.,6
1520,"bureau,",6
1521,opens,6
1522,decoration,6
1523,standing.,6
1524,break,6
1525,slotted,6
1526,plan,6
1527,two.,6
1528,desktop,6
1529,hallway,6
1530,largest,6
1531,underneath.,6
1532,things,6
1533,brush,6
1534,location,6
1535,fourth,6
1536,vertical,6
1537,clothing,6
1538,dry,6
1539,flat,6
1540,hook,6
1541,brush.,6
1542,"bathroom,",6
1543,tight,6
1544,left-side,6
1545,crossing,6
1546,horse,6
1547,compartment.,6
1548,stovetop,6
1549,aqua,6
1550,dress,6
1551,gathering,6
1552,"object,",6
1553,now.,6
1554,(bottom,6
1555,partially,6
1556,"fruit,",6
1557,"piece,",6
1558,shirt,6
1559,rinsing,6
1560,counter's,6
1561,"below,",6
1562,used,6
1563,self.,6
1564,remove.,6
1565,eat,6
1566,diagonally,6
1567,rings,6
1568,nozzle,6
1569,baking,6
1570,"cooking,",6
1571,"finished,",6
1572,tubes,6
1573,holders,6
1574,ipod,6
1575,device.,6
1576,saltshaker,6
1577,"bat,",5
1578,illumination,5
1579,geometry,5
1580,"bookcase,",5
1581,"container,",5
1582,folding,5
1583,burgundy,5
1584,polish.,5
1585,laundry,5
1586,chains,5
1587,headboard,5
1588,doorway.,5
1589,lampshade,5
1590,chain.,5
1591,thee,5
1592,fetch,5
1593,pillows.,5
1594,"control,",5
1595,relocate,5
1596,upholstered,5
1597,heading,5
1598,partition,5
1599,curtains,5
1600,"lid,",5
1601,"backwards,",5
1602,another.,5
1603,twist,5
1604,sink;,5
1605,of.,5
1606,many,5
1607,hundred,5
1608,eighty,5
1609,cushions.,5
1610,way.,5
1611,tier,5
1612,footrest,5
1613,direction.,5
1614,quarter,5
1615,taller,5
1616,insert,5
1617,left;,5
1618,tiered,5
1619,"vertically,",5
1620,vertically.,5
1621,vegetable.,5
1622,tops.,5
1623,",walk",5
1624,cistern,5
1625,table..,5
1626,"pepper,",5
1627,ornament,5
1628,"walking,",5
1629,parts,5
1630,everything,5
1631,dish.,5
1632,setting,5
1633,angle,5
1634,burners.,5
1635,th,5
1636,win,5
1637,narrow,5
1638,open.,5
1639,cellphone.,5
1640,"bench,",5
1641,ash,5
1642,"stop,",5
1643,tines,5
1644,270,5
1645,slide,5
1646,body,5
1647,"tile,",5
1648,supplies,5
1649,placed.,5
1650,"door),",5
1651,"bottles,",5
1652,closes,5
1653,boxes.,5
1654,chopped,5
1655,"countertop,",5
1656,fills,5
1657,granite,5
1658,clean.,5
1659,"cooked,",5
1660,top-left,5
1661,"stools,",5
1662,reheat,5
1663,peach,5
1664,divider,5
1665,afterwards,5
1666,briefly,5
1667,transparent,5
1668,moments,5
1669,"tomatoes,",5
1670,"loaf,",5
1671,nest,5
1672,"moments,",5
1673,warming,5
1674,blender,5
1675,cookie,5
1676,"microwave,put",5
1677,retrace,5
1678,elevated,5
1679,tape,5
1680,"done,",5
1681,"heat,",5
1682,on;,5
1683,puts,5
1684,muffin,5
1685,"salt,",5
1686,"potatoes,",5
1687,safety,5
1688,either,5
1689,mustard,5
1690,these,5
1691,ladles,5
1692,mills,5
1693,controllers,5
1694,cleaner.,5
1695,"empty,",5
1696,"right,walk",4
1697,pet,4
1698,ladder,4
1699,high,4
1700,"""deep",4
1701,called,4
1702,says,4
1703,stands,4
1704,stands.,4
1705,lampshade.,4
1706,ac,4
1707,quickly,4
1708,"trash,",4
1709,waking,4
1710,"curtains,",4
1711,"tall,",4
1712,"piano,",4
1713,so.,4
1714,bunch,4
1715,painting.,4
1716,rolled,4
1717,reached,4
1718,currently,4
1719,ten,4
1720,you;,4
1721,cat,4
1722,hutch.,4
1723,rectangle,4
1724,pallet,4
1725,"racket,",4
1726,"tissues,",4
1727,f,4
1728,closest.,4
1729,t.v.,4
1730,lunch,4
1731,thirds,4
1732,stuff,4
1733,panda,4
1734,section.,4
1735,print,4
1736,aisle,4
1737,newspapers.,4
1738,rod,4
1739,flushing,4
1740,flowers,4
1741,dog.,4
1742,right;,4
1743,soon,4
1744,tv's,4
1745,"plates,",4
1746,mirrors,4
1747,need,4
1748,within,4
1749,started,4
1750,"laptops,",4
1751,controls.,4
1752,sideways,4
1753,distance,4
1754,bolster,4
1755,tissue.,4
1756,turquoise,4
1757,"lower,",4
1758,right-most,4
1759,rim,4
1760,sink..,4
1761,"head,",4
1762,roller,4
1763,bell,4
1764,over.,4
1765,table;,4
1766,stove's,4
1767,cheese,4
1768,"section,",4
1769,stab,4
1770,silverware,4
1771,dishes.,4
1772,silverware.,4
1773,p,4
1774,glasses.,4
1775,amber,4
1776,finger,4
1777,bow,4
1778,"case,",4
1779,overhead,4
1780,trash-can.,4
1781,saucepan,4
1782,range's,4
1783,cups.,4
1784,extended,4
1785,goblet.,4
1786,serving,4
1787,"clear,",4
1788,plants.,4
1789,wok,4
1790,wineglass,4
1791,cast,4
1792,iron,4
1793,wooded,4
1794,walked,4
1795,grilling,4
1796,shadow,4
1797,chop,4
1798,kiwi.,4
1799,rinsed.,4
1800,"cut,",4
1801,eat.,4
1802,football,4
1803,runs,4
1804,counters.,4
1805,under-sink,4
1806,it..,4
1807,racks,4
1808,"tap,",4
1809,strainer,4
1810,"counters,",4
1811,after.,4
1812,hands,4
1813,returning,4
1814,drops,4
1815,later,4
1816,"eggs,",4
1817,"wedge,",4
1818,reopen,4
1819,minute,4
1820,earlier.,4
1821,heal,4
1822,"close,",4
1823,gets,4
1824,refridgerated,4
1825,"compartment,",4
1826,pawpaw,4
1827,re-close,4
1828,potatoes.,4
1829,takes,4
1830,count,4
1831,handles,4
1832,nook,4
1833,pantry,4
1834,"timer,",4
1835,item.,4
1836,"to,",4
1837,normal,4
1838,shelves',4
1839,beverage,4
1840,pumpkin,4
1841,bearing,4
1842,magazines,4
1843,handbook,4
1844,"polish,",4
1845,lock,4
1846,hamper.,4
1847,cards.,4
1848,stall.,4
1849,carafe,4
1850,pairs,4
1851,office-table,4
1852,remote's,4
1853,"lotion,",4
1854,gold-colored,4
1855,sphere,4
1856,stamp,3
1857,package,3
1858,weight,3
1859,shine,3
1860,"basketball,",3
1861,text,3
1862,observe,3
1863,math,3
1864,"ac,",3
1865,tiled,3
1866,sit.,3
1867,sunlight,3
1868,pillar,3
1869,downward,3
1870,align,3
1871,ace,3
1872,stairs,3
1873,vases.,3
1874,hide,3
1875,shelf's,3
1876,cassette,3
1877,"office,",3
1878,register,3
1879,abstract,3
1880,studio,3
1881,thenturn,3
1882,pictures,3
1883,my,3
1884,knocking,3
1885,"wastebasket,",3
1886,remotes.,3
1887,entrance,3
1888,trophies,3
1889,pallet.,3
1890,racquet.,3
1891,wicker,3
1892,decorative,3
1893,laptop's,3
1894,nearly,3
1895,ceramic,3
1896,textbook.,3
1897,thing,3
1898,cd's.,3
1899,paddle,3
1900,nearby,3
1901,darker,3
1902,design,3
1903,"tissue,",3
1904,"magazine,",3
1905,"short,",3
1906,"hallway,",3
1907,warmed.,3
1908,"stall,",3
1909,lefthand,3
1910,re-approach,3
1911,facing.,3
1912,"vault,",3
1913,c.d,3
1914,i-phone,3
1915,land,3
1916,goal,3
1917,radiator.,3
1918,bookshelves,3
1919,tablet,3
1920,cubbies,3
1921,cubby.,3
1922,longer,3
1923,surrounded,3
1924,"towels,",3
1925,pitcher.,3
1926,candlestick.,3
1927,hanging.,3
1928,glove.,3
1929,"bookshelf,",3
1930,seats,3
1931,"left,go",3
1932,left..,3
1933,"sill,",3
1934,map,3
1935,top;,3
1936,cupboards.,3
1937,outer,3
1938,amount.,3
1939,cap,3
1940,stall,3
1941,"golden,",3
1942,person,3
1943,shopping,3
1944,aligned,3
1945,others,3
1946,mounted,3
1947,toiler,3
1948,"right,turn",3
1949,oven's,3
1950,draining,3
1951,"apples,",3
1952,picture.,3
1953,buffet,3
1954,buffet.,3
1955,i,3
1956,plants,3
1957,there..,3
1958,scrubby,3
1959,"circle,",3
1960,"sections,",3
1961,current,3
1962,"goblet,",3
1963,situated,3
1964,backsplash.,3
1965,forms,3
1966,attach,3
1967,turn.,3
1968,patrol,3
1969,pens.,3
1970,dinning,3
1971,midway,3
1972,boxed,3
1973,objects.,3
1974,"store,",3
1975,upright.,3
1976,staying,3
1977,angle.,3
1978,"dish,",3
1979,meet,3
1980,counter..,3
1981,"rear,",3
1982,n,3
1983,upon,3
1984,spoons.,3
1985,"deep,",3
1986,coffeemaker.,3
1987,re-position,3
1988,tools,3
1989,tiles,3
1990,"watermelon,",3
1991,"large,",3
1992,afterward,3
1993,how,3
1994,marker,3
1995,saucer,3
1996,side..,3
1997,closely,3
1998,meal,3
1999,broiling,3
2000,ro,3
2001,"ends,",3
2002,preparation,3
2003,curve,3
2004,rotate,3
2005,little.,3
2006,spatulas.,3
2007,slowly,3
2008,huge,3
2009,push,3
2010,split,3
2011,"burner,",3
2012,chef,3
2013,plated,3
2014,"right,go",3
2015,placemat,3
2016,curtains.,3
2017,peninsula.,3
2018,water-filled,3
2019,frosted,3
2020,mike,3
2021,"over,",3
2022,microwaves,3
2023,backed,3
2024,itself.,3
2025,toy.,3
2026,curtain.,3
2027,tub's,3
2028,drained.,3
2029,moment.,3
2030,"the,",3
2031,freshly,3
2032,"vegetable,",3
2033,fall,3
2034,drip,3
2035,cooker.,3
2036,"cleaned,",3
2037,fact,3
2038,fresh,3
2039,mugs.,3
2040,without,3
2041,amount,3
2042,drier,3
2043,utility,3
2044,"away,",3
2045,correct,3
2046,strip,3
2047,use.,3
2048,microwave;,3
2049,microwaved.,3
2050,though,3
2051,"horizontally,",3
2052,cycle,3
2053,bred,3
2054,does,3
2055,keurig.,3
2056,loafs,3
2057,bowls.,3
2058,downwards,3
2059,fridge;,3
2060,octagon,3
2061,"skillet,",3
2062,eye,3
2063,"wine,",3
2064,breakfast,3
2065,butterknife.,3
2066,finishes,3
2067,microwaving,3
2068,thrown,3
2069,espresso,3
2070,boil,3
2071,their,3
2072,"behind,",3
2073,coffee-maker,3
2074,air,3
2075,what,3
2076,solid,3
2077,filer,3
2078,calculator,3
2079,engineering,3
2080,code,3
2081,all-way,3
2082,"before,",3
2083,"leftmost,",3
2084,commode,3
2085,fob.,3
2086,sill.,3
2087,cells,3
2088,access,3
2089,faces,3
2090,areas,3
2091,2nd,3
2092,collecting,3
2093,twin,3
2094,"chest,",3
2095,"upright,",3
2096,controller's,3
2097,widths,3
2098,sprayer.,3
2099,sculptures,3
2100,"tube,",3
2101,in-between,3
2102,game,3
2103,power,2
2104,",move",2
2105,"mat,",2
2106,"desk.,",2
2107,"learning"".",2
2108,side-table.,2
2109,"learning""",2
2110,vent,2
2111,sherlock,2
2112,holmes,2
2113,"square,",2
2114,shelf;,2
2115,approaching,2
2116,navigate,2
2117,bright.,2
2118,ending,2
2119,rocking,2
2120,flip,2
2121,investigate,2
2122,"around,walk",2
2123,deck.,2
2124,debit,2
2125,blinds,2
2126,office.,2
2127,sight,2
2128,footstool,2
2129,footstool.,2
2130,"light,",2
2131,this.,2
2132,doing,2
2133,button,2
2134,column,2
2135,bow.,2
2136,perimeter,2
2137,"ways,",2
2138,addition,2
2139,avoid,2
2140,lights,2
2141,pattern,2
2142,mouse,2
2143,"brown,",2
2144,desk..,2
2145,"desks,",2
2146,legs,2
2147,closer.,2
2148,controller.,2
2149,figurine.,2
2150,height,2
2151,sausage,2
2152,coach,2
2153,wise.,2
2154,moe,2
2155,lunchbox,2
2156,"times,",2
2157,cushioned,2
2158,upside,2
2159,stripped,2
2160,"green,",2
2161,let.,2
2162,frame,2
2163,midpoint,2
2164,bath.,2
2165,burning,2
2166,skinny,2
2167,swing,2
2168,desks,2
2169,bunk-bed.,2
2170,multicolored,2
2171,nd,2
2172,sell,2
2173,built-in,2
2174,dock,2
2175,station,2
2176,give,2
2177,row.,2
2178,started.,2
2179,tablecloth.,2
2180,car.,2
2181,milk,2
2182,switch.,2
2183,cloths.,2
2184,"ground,",2
2185,said,2
2186,inner,2
2187,"armchairs,",2
2188,walls.,2
2189,crack,2
2190,panda.,2
2191,"table.,",2
2192,"diagonally,",2
2193,aforementioned,2
2194,shefl,2
2195,shadow.,2
2196,longest,2
2197,"boots,",2
2198,"couches,",2
2199,mini,2
2200,soaps.,2
2201,topped,2
2202,cylinder.,2
2203,"garbage,",2
2204,can..,2
2205,color,2
2206,spray.,2
2207,"wall,,",2
2208,prop,2
2209,stalk,2
2210,exit,2
2211,present,2
2212,hitting,2
2213,"straight,turn",2
2214,degrees.,2
2215,bagel.,2
2216,stack.,2
2217,fro,2
2218,lifted,2
2219,meal.,2
2220,"sink.,",2
2221,toast.,2
2222,exact,2
2223,cable,2
2224,pack,2
2225,strange,2
2226,"screen,",2
2227,1.,2
2228,"let,",2
2229,us,2
2230,ink.,2
2231,"sides,",2
2232,r,2
2233,angular,2
2234,belong.,2
2235,"handle-first,",2
2236,cleaning.,2
2237,cabin,2
2238,hidden,2
2239,"laddle,",2
2240,select,2
2241,stove;,2
2242,tale.,2
2243,tenth,2
2244,watermelon,2
2245,room..,2
2246,temperature,2
2247,knob,2
2248,flank,2
2249,"half,",2
2250,writing,2
2251,closet.,2
2252,canister.,2
2253,location.,2
2254,walls,2
2255,step;,2
2256,kleenex.,2
2257,discs.,2
2258,hutch,2
2259,lays,2
2260,cabinet's,2
2261,obtain,2
2262,skillets,2
2263,door),2
2264,(on,2
2265,left).,2
2266,"pieces,",2
2267,inches.,2
2268,char.,2
2269,sin,2
2270,fully,2
2271,tool/spoon,2
2272,sat.,2
2273,quarters,2
2274,burners,2
2275,copper-colored,2
2276,righ,2
2277,teh,2
2278,coutertop,2
2279,stacked,2
2280,preparation.,2
2281,"aisle,",2
2282,dice,2
2283,diced,2
2284,later.,2
2285,doors..,2
2286,leaned,2
2287,"curtain,",2
2288,your.,2
2289,sliding,2
2290,ion,2
2291,tree,2
2292,trays,2
2293,brick,2
2294,zigzag,2
2295,"briefly,",2
2296,rows,2
2297,web,2
2298,"sing,",2
2299,don't,2
2300,urn,2
2301,"faucets,",2
2302,filling,2
2303,store.,2
2304,immerse,2
2305,house,2
2306,"dirty,",2
2307,previously.,2
2308,"halfway,",2
2309,tea-pot,2
2310,"water,take",2
2311,shutting,2
2312,originally.,2
2313,tomato's,2
2314,partly,2
2315,cabbages,2
2316,waiting,2
2317,grabbed,2
2318,"full,",2
2319,pouring,2
2320,pie,2
2321,3/4,2
2322,crate,2
2323,separate,2
2324,wipe,2
2325,stain,2
2326,we,2
2327,tower.,2
2328,topmost,2
2329,our,2
2330,makes,2
2331,"bath,",2
2332,lever.,2
2333,retrieved,2
2334,microwave..,2
2335,"counter,turn",2
2336,view.,2
2337,part.,2
2338,forks.,2
2339,"right,move",2
2340,cucumber.,2
2341,afterward.,2
2342,somewhat,2
2343,remain,2
2344,baker's,2
2345,mixing,2
2346,"objects,",2
2347,6,2
2348,put.,2
2349,"cups,",2
2350,buffer,2
2351,exist.,2
2352,various,2
2353,ride,2
2354,"right.,",2
2355,"momentarily,",2
2356,replacing,2
2357,moments.,2
2358,"washer,",2
2359,"freeze,",2
2360,put,2
2361,angled,2
2362,period,2
2363,receptacle.,2
2364,right..,2
2365,point.,2
2366,(bottom),2
2367,coil,2
2368,sometime,2
2369,entire,2
2370,combination,2
2371,highest,2
2372,refrigerator's,2
2373,tot,2
2374,thatâ€™s,2
2375,bread..,2
2376,cooked.,2
2377,wraps,2
2378,"glasses,",2
2379,",turn",2
2380,completely.,2
2381,counter-top.,2
2382,besides,2
2383,pause,2
2384,"in,close",2
2385,battle,2
2386,utensil,2
2387,stops,2
2388,"facing,",2
2389,upward.,2
2390,activate,2
2391,more.,2
2392,yet,2
2393,island's,2
2394,1/3,2
2395,pantry.,2
2396,apple;,2
2397,cook.,2
2398,apply,2
2399,blade.,2
2400,"count,",2
2401,three.,2
2402,seconds;,2
2403,"turntable,",2
2404,hot.,2
2405,prior,2
2406,stuck,2
2407,"warm,",2
2408,freeze,2
2409,spice,2
2410,gain,2
2411,machines,2
2412,level.,2
2413,remains,2
2414,flat.,2
2415,raising,2
2416,"them,",2
2417,"muffin,",2
2418,microwave's,2
2419,baked,2
2420,second.,2
2421,acquire,2
2422,rings.,2
2423,skin,2
2424,browned,2
2425,bad,2
2426,green-topped,2
2427,"of,",2
2428,backside,2
2429,arranging,2
2430,index,2
2431,"surface,",2
2432,"vent,",2
2433,"""sherlock",2
2434,name,2
2435,containers.,2
2436,textbooks,2
2437,"""learning",2
2438,covering,2
2439,spaces,2
2440,candle's,2
2441,basins,2
2442,counter-top,2
2443,commode.,2
2444,scattered,2
2445,"bank,",2
2446,player,2
2447,hamper,2
2448,credits,2
2449,stripes,2
2450,did,2
2451,"set,",2
2452,seated,2
2453,fixture,2
2454,rung,2
2455,rung.,2
2456,hung,2
2457,reached.,2
2458,key-chains,2
2459,stood,2
2460,fobs,2
2461,"remotes,",2
2462,knife's,2
2463,lids,2
2464,sail,2
2465,boat,2
2466,oriented,2
2467,"first,",2
2468,"newspapers,",2
2469,newspaper's,2
2470,patio,2
2471,folded,2
2472,painting,2
2473,deck,2
2474,"pens,",2
2475,see.,2
2476,two-drawer,2
2477,checkerboard,2
2478,vertical.,2
2479,"shakers,",2
2480,"last,",2
2481,compute,2
2482,potato's,2
2483,thing.,2
2484,wands,2
2485,easy,2
2486,letter,2
2487,j,2
2488,track,2
2489,rearmost,2
2490,sprays,2
2491,"lowest,",2
2492,pivot,2
2493,tooth,2
2494,bottler,2
2495,cleaners,2
2496,"cleaner,",2
2497,sprayers,2
2498,figures,2
2499,makeup,2
2500,cabinet;,2
2501,rolls.,2
2502,cup;,2
2503,iphone.,2
2504,cans,2
2505,spouts,2
2506,"position,",2
2507,tc,2
2508,chunks,2
2509,knobs,2
2510,"chunks,.",2
2511,canteen,2
2512,"hamper,",2
2513,candy,2
2514,widow.,2
2515,adjusting,1
2516,(clock?),1
2517,powerbank,1
2518,package.,1
2519,"clock,turn",1
2520,cord,1
2521,chessboard,1
2522,beanbag,1
2523,bunk-bed,1
2524,illumination.,1
2525,ball.,1
2526,attempt,1
2527,vision,1
2528,possession.,1
2529,bed;,1
2530,probabilistic,1
2531,robotics,1
2532,"""homer's",1
2533,"odyssey""",1
2534,spread.,1
2535,homer,1
2536,odyssey,1
2537,desk's,1
2538,lampp,1
2539,desk;,1
2540,desks.,1
2541,lefts,1
2542,"still,",1
2543,"open,",1
2544,proceeds,1
2545,dark.,1
2546,shortest,1
2547,forth,1
2548,times.,1
2549,l-shaped,1
2550,nightstand's,1
2551,lamp;,1
2552,flowered,1
2553,"smartphone,",1
2554,lights.,1
2555,"entryway,",1
2556,lamb.,1
2557,arms.,1
2558,chan,1
2559,family,1
2560,blinds.,1
2561,den,1
2562,passage,1
2563,"opening,",1
2564,staircase,1
2565,lit.,1
2566,lack,1
2567,"papers,",1
2568,lamo,1
2569,finding,1
2570,keyring,1
2571,bulb,1
2572,nearby.,1
2573,dress.er,1
2574,"heater,",1
2575,others.,1
2576,light?,1
2577,hall.,1
2578,stairs.,1
2579,room's,1
2580,north,1
2581,"dressing,",1
2582,abuts,1
2583,dresses,1
2584,fingers,1
2585,register.,1
2586,"board,",1
2587,"furnace,",1
2588,raised,1
2589,hallway.,1
2590,ont,1
2591,lastly,1
2592,touch,1
2593,stnd,1
2594,"air,",1
2595,"from,",1
2596,til,1
2597,pillow..,1
2598,"entrance,",1
2599,post,1
2600,stepping,1
2601,figuring,1
2602,stature,1
2603,setting.,1
2604,carpeted,1
2605,broken,1
2606,award,1
2607,partial,1
2608,"pillar,",1
2609,stand;,1
2610,"column,",1
2611,trophies.,1
2612,statue's,1
2613,arriving,1
2614,bunks,1
2615,frame.,1
2616,lighted,1
2617,residing,1
2618,lighting.,1
2619,"picture,",1
2620,"counterclockwise,",1
2621,ways.,1
2622,armchairs.,1
2623,hard,1
2624,"cough,",1
2625,watched,1
2626,hearth.,1
2627,chimney,1
2628,easel,1
2629,"backward,",1
2630,"teapot,",1
2631,cds.,1
2632,"beam,",1
2633,engineer,1
2634,cushy,1
2635,armchairs,1
2636,"""huckleberry",1
2637,"finn""",1
2638,pattern.,1
2639,"""multiple",1
2640,"geometry"".",1
2641,transferring,1
2642,code.,1
2643,titled,1
2644,c++,1
2645,data,1
2646,structures,1
2647,scratch,1
2648,rhinoceros,1
2649,rhino,1
2650,sea,1
2651,"adjacent,",1
2652,"""the",1
2653,effective,1
2654,"engineer""",1
2655,"meet,",1
2656,to.,1
2657,"coach,",1
2658,portable,1
2659,garments,1
2660,mechanism.,1
2661,"brush,",1
2662,4th,1
2663,slow,1
2664,lay.,1
2665,bed-side.,1
2666,heater,1
2667,animal.,1
2668,toys,1
2669,washcloths,1
2670,sing,1
2671,cards',1
2672,tv..,1
2673,drawings.,1
2674,shelf's.,1
2675,credt,1
2676,seats.,1
2677,sponger,1
2678,odor.,1
2679,"once,",1
2680,"lip,",1
2681,sink/,1
2682,bathrub.,1
2683,wall-mounted,1
2684,"silver,",1
2685,having,1
2686,"hook,",1
2687,"rightmost,",1
2688,stovve.,1
2689,"bad,",1
2690,display.,1
2691,tide,1
2692,being,1
2693,sinl,1
2694,verring,1
2695,female,1
2696,"vase's,",1
2697,fold,1
2698,newspsper,1
2699,cylindrical,1
2700,lace,1
2701,"outcrop,",1
2702,table/desk,1
2703,dustbin,1
2704,arms,1
2705,movies.,1
2706,woven,1
2707,marks,1
2708,windowsill,1
2709,line.,1
2710,pas,1
2711,"blue,",1
2712,nook.,1
2713,"underneath,",1
2714,seasoning,1
2715,"mill,",1
2716,maroon,1
2717,barrels,1
2718,"plunger,",1
2719,"candlestick,",1
2720,circles,1
2721,"level,",1
2722,"right,.",1
2723,god,1
2724,"decoration,",1
2725,cabinst.,1
2726,"row,",1
2727,"downward,",1
2728,cap.,1
2729,make-up,1
2730,"most,",1
2731,bathtu.,1
2732,dispensper,1
2733,product,1
2734,"grey,",1
2735,soface,1
2736,texture,1
2737,"gold,",1
2738,comforter,1
2739,blank,1
2740,vacuum,1
2741,feet.,1
2742,laptop./,1
2743,balance,1
2744,lower.,1
2745,refresh,1
2746,supply,1
2747,toll,1
2748,"bin,turn",1
2749,toilet;,1
2750,"left,place",1
2751,"paper,turn",1
2752,yo.,1
2753,"are,",1
2754,downward.,1
2755,slices?,1
2756,adjoining,1
2757,"buffet,",1
2758,"ornament,",1
2759,"ornaments,",1
2760,decoration.,1
2761,"begins,",1
2762,pulled,1
2763,"out,close",1
2764,appliance.,1
2765,caring,1
2766,stabbing,1
2767,shaker..,1
2768,silver-handled,1
2769,thenb,1
2770,zinc.,1
2771,rock.,1
2772,knife/glass,1
2773,"holding,",1
2774,height.,1
2775,class,1
2776,diswasher,1
2777,weight.,1
2778,spatuala.,1
2779,appliances,1
2780,forty,1
2781,lower-right,1
2782,park.,1
2783,here.,1
2784,piles,1
2785,neatly,1
2786,tidy,1
2787,still-standing,1
2788,top's,1
2789,cater-cornered.,1
2790,doesn't,1
2791,search,1
2792,"pack,",1
2793,orientation.,1
2794,couches.,1
2795,underfoot,1
2796,nighstand,1
2797,delivering,1
2798,chat,1
2799,around;,1
2800,portrait,1
2801,slim,1
2802,forward.make,1
2803,fourteen,1
2804,re-locate,1
2805,sofa..,1
2806,"trophy,",1
2807,"came,",1
2808,"painting,",1
2809,recess,1
2810,unto,1
2811,eye.,1
2812,intersection,1
2813,cabinet..,1
2814,saucepan.,1
2815,stove-top.,1
2816,provide,1
2817,photograph.,1
2818,photographs,1
2819,combo,1
2820,canisters.,1
2821,"two,",1
2822,"dishes,",1
2823,plate's,1
2824,pa,1
2825,next.,1
2826,"plants,",1
2827,",and",1
2828,"socket,",1
2829,lamps,1
2830,credit.,1
2831,maneuvering,1
2832,beer,1
2833,trail,1
2834,already.,1
2835,precious,1
2836,comb,1
2837,introduce,1
2838,(matching,1
2839,color).,1
2840,swirls,1
2841,try,1
2842,entering,1
2843,cake,1
2844,"towards,",1
2845,note,1
2846,important,1
2847,care.,1
2848,instruments,1
2849,fridge..,1
2850,withe,1
2851,slices..,1
2852,pickle,1
2853,only.,1
2854,tact.,1
2855,seventh,1
2856,sandwich.,1
2857,"again,,",1
2858,rotation.,1
2859,spaced,1
2860,dumbbell,1
2861,further.,1
2862,sort,1
2863,regular,1
2864,maintenance,1
2865,wedged,1
2866,embedded,1
2867,inbetween,1
2868,bookcases,1
2869,ini,1
2870,rust-colored,1
2871,dusk.,1
2872,cup..,1
2873,analog,1
2874,furniture.,1
2875,rests.,1
2876,three-shelf,1
2877,squares,1
2878,keyboard.,1
2879,pu,1
2880,tablet.,1
2881,wheeled,1
2882,spilling,1
2883,sharpened,1
2884,tabletop,1
2885,prepped,1
2886,(towards,1
2887,back-right,1
2888,mid-way,1
2889,link.,1
2890,structure.,1
2891,refrigerator:,1
2892,2.,1
2893,near-right,1
2894,near-left,1
2895,blue/white,1
2896,certain,1
2897,comer.,1
2898,spare,1
2899,squarish,1
2900,pain,1
2901,pan/spatula,1
2902,hand-up,1
2903,handle-up,1
2904,turnn,1
2905,gift,1
2906,tool.,1
2907,tool,1
2908,knows,1
2909,belong,1
2910,arrive,1
2911,"right-hand,",1
2912,weird,1
2913,melons,1
2914,stove..,1
2915,",next",1
2916,stacking,1
2917,holds,1
2918,magically,1
2919,hangs,1
2920,that';s,1
2921,else.,1
2922,"items,",1
2923,clock-wise,1
2924,isle.,1
2925,(still,1
2926,glass),1
2927,"larger,",1
2928,"use,",1
2929,under-counter,1
2930,"thin,",1
2931,stoves,1
2932,including,1
2933,reveal,1
2934,room./,1
2935,trim,1
2936,pay,1
2937,fried,1
2938,eaten,1
2939,",middle",1
2940,griddle,1
2941,.turn,1
2942,sections,1
2943,"pots,",1
2944,indent,1
2945,cash,1
2946,"pans,",1
2947,"so,",1
2948,envelope,1
2949,good,1
2950,tree.,1
2951,",left",1
2952,placemat.,1
2953,rectangle.,1
2954,"pad,",1
2955,trays.,1
2956,fruit/apple,1
2957,wished,1
2958,",rinse",1
2959,"fashion,",1
2960,knifes.,1
2961,rise,1
2962,piece.,1
2963,"fridge.,",1
2964,knife..,1
2965,working.,1
2966,carefully,1
2967,medium,1
2968,sized,1
2969,chill.,1
2970,cooktop.,1
2971,each.,1
2972,actually,1
2973,any,1
2974,removed,1
2975,essentially,1
2976,greenish,1
2977,dirt,1
2978,plungers,1
2979,",go",1
2980,"napkin,",1
2981,napkin.,1
2982,ran,1
2983,remembering,1
2984,dump,1
2985,drink,1
2986,cupl,1
2987,newly,1
2988,plug,1
2989,water.turn,1
2990,lip.,1
2991,"tab,",1
2992,ge,1
2993,tie,1
2994,"left-side,",1
2995,contents,1
2996,specifically,1
2997,return.,1
2998,drainer.,1
2999,vegetables.,1
3000,found.,1
3001,forked,1
3002,"""t""",1
3003,flipped,1
3004,manner,1
3005,counted,1
3006,slanted,1
3007,c,1
3008,her,1
3009,"drains,",1
3010,"microwave,look",1
3011,"rinsed,",1
3012,"backwards.,",1
3013,make.,1
3014,teak,1
3015,"teakettle,",1
3016,fill/rinse,1
3017,"tables,",1
3018,"skin,",1
3019,cleanly,1
3020,",wash",1
3021,there's,1
3022,except,1
3023,reuse,1
3024,"midway,",1
3025,boiling,1
3026,"rinse,",1
3027,"ledge,",1
3028,reason.,1
3029,roughly,1
3030,"kitchen,take",1
3031,turns.,1
3032,reaches,1
3033,cutlery,1
3034,"fill,",1
3035,bottom-right,1
3036,"containers,",1
3037,s,1
3038,sponge;,1
3039,centering,1
3040,shakers',1
3041,underneat,1
3042,st.,1
3043,label,1
3044,wash.,1
3045,atop,1
3046,thus,1
3047,top-right,1
3048,storing,1
3049,took,1
3050,maching,1
3051,mup,1
3052,brewer.,1
3053,maker.turn,1
3054,maker..,1
3055,cleaned.,1
3056,laying.,1
3057,"water,put",1
3058,"sink,wash",1
3059,fridge.and,1
3060,"water,,",1
3061,"next,",1
3062,swirled,1
3063,cabiniet,1
3064,"ridge,",1
3065,bad.,1
3066,full.,1
3067,stove-pot,1
3068,"top's,",1
3069,crate.,1
3070,"sun,",1
3071,"step,,",1
3072,"slicing,",1
3073,"and,",1
3074,covers,1
3075,near.,1
3076,"only,",1
3077,"reach,",1
3078,mild,1
3079,"sink,put",1
3080,belongs.,1
3081,sunder,1
3082,crumpled,1
3083,again..,1
3084,brink,1
3085,"counter,.",1
3086,wlak,1
3087,"since,",1
3088,properly,1
3089,searches,1
3090,dry.,1
3091,"room,then",1
3092,"supplies,",1
3093,down?,1
3094,"soap.,",1
3095,bin.k,1
3096,perspective.,1
3097,"soapy,",1
3098,sop,1
3099,sink?,1
3100,done..,1
3101,field,1
3102,"but,",1
3103,eh,1
3104,rubber,1
3105,"rubber,",1
3106,sale.,1
3107,sick.,1
3108,late,1
3109,empty.,1
3110,apart,1
3111,cofffee,1
3112,wall..,1
3113,"refrigerator,put",1
3114,bottles',1
3115,"some,",1
3116,15,1
3117,abandoning,1
3118,kind,1
3119,"course,",1
3120,while.,1
3121,"though,",1
3122,cabnet,1
3123,moderate,1
3124,site,1
3125,"placed,",1
3126,uncut,1
3127,"forward.,",1
3128,"bow,",1
3129,knife;,1
3130,exchange,1
3131,thet,1
3132,"bug,",1
3133,"spot,",1
3134,"sight,",1
3135,decanter.,1
3136,toast.er,1
3137,"frige,",1
3138,toasting.,1
3139,"another,",1
3140,refrigerating,1
3141,between.,1
3142,"tops,",1
3143,changing,1
3144,loaf..,1
3145,paces.,1
3146,bridge.,1
3147,scrub.,1
3148,perpendicularly,1
3149,tum,1
3150,electronic,1
3151,freezing,1
3152,"refrigerator,place",1
3153,process.,1
3154,tile-topped,1
3155,refigerator,1
3156,st,1
3157,used.,1
3158,ware..,1
3159,keurig,1
3160,stove.turn,1
3161,bowel.,1
3162,baby,1
3163,watermelon.,1
3164,salter,1
3165,toaster's,1
3166,reclaim,1
3167,"oranges,",1
3168,egg's,1
3169,cucumber,1
3170,south,1
3171,"cabinetry,",1
3172,"amount,",1
3173,ovens.,1
3174,melon.,1
3175,leaf.,1
3176,garage,1
3177,"melon,",1
3178,tab;e.,1
3179,table/,1
3180,sliver,1
3181,"shelf,and",1
3182,"the,lettuce",1
3183,blues,1
3184,strips,1
3185,frigde,1
3186,dropped,1
3187,pictures.,1
3188,grabbing,1
3189,"item,",1
3190,poured,1
3191,refridgerator,1
3192,designated,1
3193,single-cup,1
3194,squarely,1
3195,"corner,turn",1
3196,chill;,1
3197,catch,1
3198,"was,",1
3199,"fridge,chill",1
3200,"inside,take",1
3201,structure,1
3202,swinging,1
3203,showcasing,1
3204,decor.,1
3205,shit,1
3206,laddles.,1
3207,cauldron.,1
3208,cools.,1
3209,football.,1
3210,"pan,take",1
3211,direct,1
3212,instead.,1
3213,precool,1
3214,purposes.,1
3215,cooled.,1
3216,side.r,1
3217,left.walk,1
3218,spotted,1
3219,frige.,1
3220,wait.,1
3221,tabel.,1
3222,ends.,1
3223,stock,1
3224,rack's,1
3225,re-open,1
3226,trash-can,1
3227,thru,1
3228,table.and,1
3229,approximate,1
3230,"finally,",1
3231,frige,1
3232,table.`,1
3233,out..,1
3234,returned,1
3235,own,1
3236,unsliced,1
3237,"eat,",1
3238,reheat.,1
3239,backup,1
3240,recycled,1
3241,"naturally,",1
3242,col,1
3243,wiat,1
3244,stone,1
3245,cannot,1
3246,seen.,1
3247,aim,1
3248,strike,1
3249,cross.,1
3250,brief,1
3251,talking,1
3252,yellowtheapple.,1
3253,"entry,",1
3254,spirits,1
3255,"mike,",1
3256,"fidge,",1
3257,"u,",1
3258,door..,1
3259,"avocado,",1
3260,approximately,1
3261,else,1
3262,count.,1
3263,lob,1
3264,sandwiched,1
3265,threes.,1
3266,briefly.,1
3267,"around,go",1
3268,race,1
3269,thirds..,1
3270,"pear,",1
3271,peel,1
3272,quartered,1
3273,int,1
3274,"thirds,",1
3275,couterclockwise,1
3276,"clockwise,",1
3277,equal,1
3278,portions,1
3279,quarters.,1
3280,movement,1
3281,"onion,",1
3282,rainbow,1
3283,chunks.,1
3284,incorrectly,1
3285,forwars,1
3286,threw,1
3287,blocks,1
3288,3.,1
3289,thirty,1
3290,"start,",1
3291,importantly,1
3292,"peninsula,",1
3293,flower.,1
3294,"cook.,",1
3295,meeting,1
3296,loaves.,1
3297,lengthwise,1
3298,bread;,1
3299,(not,1
3300,end-piece).,1
3301,can;,1
3302,"signals,",1
3303,"heating,",1
3304,star,1
3305,"knives,",1
3306,serve.,1
3307,3rd,1
3308,milk.,1
3309,"right,make",1
3310,octagonal,1
3311,uses,1
3312,"twice,put",1
3313,foward,1
3314,garbage?,1
3315,fave,1
3316,continuing,1
3317,rotation,1
3318,elevation,1
3319,process,1
3320,tomato's.,1
3321,wood.,1
3322,opposing,1
3323,"chalice,",1
3324,literally,1
3325,treated,1
3326,sugar,1
3327,"now,",1
3328,"left,move",1
3329,you`,1
3330,icrowave.,1
3331,"cooker,",1
3332,sink.and,1
3333,"mugs,",1
3334,toater,1
3335,shuts,1
3336,"in,heat",1
3337,storage.,1
3338,slit,1
3339,"length,",1
3340,egg.on,1
3341,lengthwise.,1
3342,interior,1
3343,fork..,1
3344,shelf..,1
3345,nozzle.,1
3346,made.,1
3347,coffemaker,1
3348,"cabinet,put",1
3349,coffee-maker.,1
3350,"""serve"".",1
3351,mmicrowave.,1
3352,dial,1
3353,green.,1
3354,distill,1
3355,30,1
3356,grill,1
3357,micrwoave.,1
3358,"elevation,",1
3359,"straight,after",1
3360,striaght,1
3361,backing,1
3362,hexagon,1
3363,"shapes,",1
3364,"out.,",1
3365,active,1
3366,state,1
3367,back-corner,1
3368,warmed-up,1
3369,left.q,1
3370,16,1
3371,middle-right,1
3372,"face,",1
3373,"above,put",1
3374,removes,1
3375,",heat",1
3376,"hot,",1
3377,o.,1
3378,hexagon.,1
3379,"distance,",1
3380,lifting,1
3381,some.,1
3382,"find,",1
3383,(!!!),1
3384,those,1
3385,micorwave.,1
3386,micrwave,1
3387,mail,1
3388,mail.,1
3389,(the,1
3390,"chair),",1
3391,lettuce..,1
3392,hear,1
3393,somewhere,1
3394,sight.,1
3395,counter?,1
3396,mouth,1
3397,carving,1
3398,chip,1
3399,"stopped,",1
3400,"around,head",1
3401,microwave.turn,1
3402,scoops,1
3403,"door,take",1
3404,coffeepot,1
3405,heated-up,1
3406,"tight,",1
3407,"microwave,open",1
3408,"fruits,",1
3409,reffrigerator.,1
3410,mid,1
3411,eleven,1
3412,knifeâ€™s,1
3413,canisters,1
3414,frontmost,1
3415,"counter-clockwise,",1
3416,fridge's,1
3417,pin,1
3418,"finishes,",1
3419,marry,1
3420,discarding,1
3421,aside,1
3422,dustpan,1
3423,left-front,1
3424,browse,1
3425,stays,1
3426,"both,",1
3427,warn,1
3428,kick,1
3429,cooke,1
3430,europe,1
3431,size,1
3432,"clocks,",1
3433,calulator,1
3434,reposition,1
3435,ac.,1
3436,l,1
3437,"turnaround,",1
3438,photo.,1
3439,mattress.,1
3440,mattress,1
3441,error,1
3442,copy,1
3443,"holmes""",1
3444,"holmes"".",1
3445,"sideways,",1
3446,fish,1
3447,"spark""",1
3448,partition.,1
3449,"spark"".",1
3450,copies,1
3451,handbooks,1
3452,alarms.,1
3453,"baskets,",1
3454,"centered,",1
3455,swivel,1
3456,high.,1
3457,recessed,1
3458,"box.,",1
3459,cauldron,1
3460,(walk,1
3461,corner).,1
3462,butterknives,1
3463,criss,1
3464,sinks;,1
3465,divider.,1
3466,"basic,",1
3467,fixture.,1
3468,wake,1
3469,"commode,",1
3470,scent,1
3471,heater.,1
3472,"disc,",1
3473,draw,1
3474,dvds,1
3475,bed..,1
3476,sc,1
3477,livingroom,1
3478,simple,1
3479,notebook.,1
3480,bet,1
3481,ipod.,1
3482,ipods,1
3483,fan,1
3484,"radiator,",1
3485,bedside.,1
3486,spread,1
3487,foot.,1
3488,phone..,1
3489,touchpad,1
3490,elft,1
3491,"cell,",1
3492,"cellphones,",1
3493,"carpet,",1
3494,"cushions,",1
3495,manage,1
3496,cloth's,1
3497,rim.,1
3498,"draw,",1
3499,draw.,1
3500,earrings.,1
3501,"rags,",1
3502,touching.,1
3503,width's,1
3504,anything,1
3505,"vents,",1
3506,conditioner,1
3507,card..,1
3508,"cards,",1
3509,beck,1
3510,beneath.,1
3511,dreser.,1
3512,safer,1
3513,ever,1
3514,glass;,1
3515,"stove/oven,",1
3516,stove/oven.,1
3517,"stove/cabinet,",1
3518,stove/cabinet.,1
3519,ed,1
3520,spunges,1
3521,sponge's,1
3522,falls,1
3523,balls,1
3524,"too,",1
3525,locations,1
3526,carafes,1
3527,tower,1
3528,light-switch,1
3529,"holders,",1
3530,infront,1
3531,seat's,1
3532,respectively,1
3533,ones.,1
3534,rearrange,1
3535,your're,1
3536,"set,.",1
3537,ones,1
3538,bundh,1
3539,face.,1
3540,bolster.,1
3541,son,1
3542,dress.,1
3543,cubbies.,1
3544,want,1
3545,rooms,1
3546,newsletter.,1
3547,reflection.,1
3548,bet.,1
3549,lampstand,1
3550,"computers,",1
3551,lettuces,1
3552,leaves,1
3553,fist,1
3554,dark-colored,1
3555,"arm,",1
3556,cornor.,1
3557,"chairs.,",1
3558,backs,1
3559,pushing,1
3560,diagonally.,1
3561,hoop.,1
3562,"furniture,",1
3563,newspaper..,1
3564,rests,1
3565,banana.,1
3566,couch;,1
3567,couch's,1
3568,load.,1
3569,magazines.,1
3570,oom,1
3571,focused,1
3572,rather,1
3573,notepad.,1
3574,carpet.,1
3575,go.,1
3576,nigthstand,1
3577,pencil's,1
3578,eraser,1
3579,t-shape.,1
3580,"angle,",1
3581,key.,1
3582,"dress,",1
3583,bracelet,1
3584,"wristwatch,",1
3585,specific,1
3586,pit,1
3587,grinder..,1
3588,mills.,1
3589,shaker;,1
3590,closed.,1
3591,cushion's,1
3592,"room,move",1
3593,rectangular.,1
3594,cleared,1
3595,fruits,1
3596,roundish,1
3597,tubers,1
3598,levels,1
3599,earlier,1
3600,end-to-end,1
3601,"wand,",1
3602,checked,1
3603,contol,1
3604,sculptured,1
3605,"toward,",1
3606,"table,beside",1
3607,"controller,",1
3608,jacket,1
3609,"them,.",1
3610,pad.,1
3611,dinosaur.,1
3612,"console,",1
3613,turnright,1
3614,whe,1
3615,mustard.,1
3616,grind,1
3617,tuning,1
3618,tight.,1
3619,saltshakers,1
3620,shake,1
3621,ware,1
3622,ware.,1
3623,romaine,1
3624,"cloths,",1
3625,rub,1
3626,bine,1
3627,stare,1
3628,pumps,1
3629,identical,1
3630,"jar,",1
3631,"dispensers,",1
3632,aimlessly,1
3633,dispenser's,1
3634,hand-wash,1
3635,stray,1
3636,ceiling.,1
3637,holders.,1
3638,4.,1
3639,stone.,1
3640,into.,1
3641,"sprayers,",1
3642,;put,1
3643,bottle's,1
3644,sprayed,1
3645,strays,1
3646,pray,1
3647,toiklet.,1
3648,naked,1
3649,woman.,1
3650,woman,1
3651,person.,1
3652,figurines,1
3653,here,1
3654,"books,",1
3655,colors,1
3656,brushes.,1
3657,rolling,1
3658,robot's,1
3659,been.,1
3660,"drawer,close",1
3661,opened.,1
3662,cubbyhole,1
3663,the.,1
3664,"all,",1
3665,"stick,",1
3666,"rolls,",1
3667,roller.,1
3668,(one,1
3669,"used,",1
3670,new),1
3671,hollow,1
3672,sink.s,1
3673,ope,1
3674,flusher.,1
3675,sat,1
3676,lap-top.,1
3677,vase.from,1
3678,pupt,1
3679,sane,1
3680,"shelf's,",1
3681,sphere.,1
3682,spheres,1
3683,arouind,1
3684,ot,1
3685,wristwatches,1
3686,fragile,1
3687,packed.,1
3688,following,1
3689,with.,1
3690,bright,1
3691,forwards.,1
3692,side-table,1
3693,bottom-left,1
3694,pump.,1
3695,knocks,1
3696,pile,1
3697,fifth,1
3698,whit,1
3699,plae,1
3700,packing,1
3701,contain,1
3702,spatual,1
3703,bowl.turn,1
3704,moves.,1
3705,traveling,1
3706,press,1
3707,button.,1
3708,"take,",1
3709,choose,1
3710,beat.,1
3711,headed,1
3712,notepad,1
3713,sunshine,1
3714,keruig,1
3715,dispensers.,1
3716,heating.,1
3717,dish-drying,1
3718,font,1
3719,clice,1
3720,bladed,1
3721,can't,1
3722,anymore,1
3723,width,1
3724,cars,1
3725,"mantle,",1
3726,went,1
3727,knifes,1
3728,sponges.,1
3729,barstools,1
3730,"barstool,",1
3731,newsletters,1
3732,"pumps,",1
3733,north.,1
3734,teal,1
3735,stick.,1
3736,(near,1
3737,"you),",1
3738,(away,1
3739,you),1
3740,"one-at-a-time,",1
3741,leading,1
3742,"""what",1
3743,"math?""",1
3744,sheet.,1
3745,dressed,1
3746,lap.,1
3747,bureau.,1
3748,"closet,",1
3749,paces,1
3750,perform,1
3751,task,1
3752,hands.,1
3753,chcair.,1
3754,semi,1
3755,odd,1
3756,useful.,1
3757,faucets.,1
3758,baisin.,1
3759,banded,1
3760,cupboard..,1
3761,resting.,1
3762,once.,1
3763,sings.,1
3764,"pause,",1
3765,right.and,1
3766,heather,1
3767,onions,1
3768,"sink,.",1
3769,"it.,",1
3770,knife's.,1
3771,stored.,1
3772,much,1
3773,both.,1
3774,close.,1
3775,table?,1
3776,locker,1
3777,arrange,1
3778,taken,1
3779,basins.,1
